{"cameraMode":{"drawMode":0,"name":"Shaded","section":"Shading Mode"},"sceneLighting":true,"audioPlay":false,"sceneViewState":{"showFog":true,"showMaterialUpdate":false,"showSkybox":true,"showFlares":true,"showImageEffects":true,"showParticleSystems":true},"in2DMode":false,"pivot":{"x":-73.7476806640625,"y":29.58056640625,"z":79.05547332763672},"rotation":{"x":0.3137422204017639,"y":0.5755894780158997,"z":-0.2539961040019989,"w":0.7112425565719605},"size":450.20916748046877,"orthographic":false}